<annotation>
	<folder>VOC2007</folder>
	<filename>000120.jpg</filename>
	<source>
		<database>The VOC2007 Database</database>
		<annotation>PASCAL VOC2007</annotation>
		<image>flickr</image>
		<flickrid>324907389</flickrid>
	</source>
	<owner>
		<flickrid>Sharife</flickrid>
		<name>?</name>
	</owner>
	<size>
		<width>500</width>
		<height>400</height>
		<depth>3</depth>
	</size>
	<segmented>0</segmented>
	<object>
		<name>dog</name>
		<pose>Left</pose>
		<truncated>0</truncated>
		<difficult>0</difficult>
		<bndbox>
			<xmin>66</xmin>
			<ymin>121</ymin>
			<xmax>440</xmax>
			<ymax>276</ymax>
		</bndbox>
	</object>
</annotation>
