<annotation>
	<folder>VOC2007</folder>
	<filename>000130.jpg</filename>
	<source>
		<database>The VOC2007 Database</database>
		<annotation>PASCAL VOC2007</annotation>
		<image>flickr</image>
		<flickrid>329283674</flickrid>
	</source>
	<owner>
		<flickrid>eduardo.peiro</flickrid>
		<name>Eduardo Peir?</name>
	</owner>
	<size>
		<width>500</width>
		<height>375</height>
		<depth>3</depth>
	</size>
	<segmented>0</segmented>
	<object>
		<name>boat</name>
		<pose>Right</pose>
		<truncated>1</truncated>
		<difficult>0</difficult>
		<bndbox>
			<xmin>4</xmin>
			<ymin>1</ymin>
			<xmax>500</xmax>
			<ymax>249</ymax>
		</bndbox>
	</object>
</annotation>
