<annotation>
	<folder>VOC2007</folder>
	<filename>000133.jpg</filename>
	<source>
		<database>The VOC2007 Database</database>
		<annotation>PASCAL VOC2007</annotation>
		<image>flickr</image>
		<flickrid>262750809</flickrid>
	</source>
	<owner>
		<flickrid>ObedientMuse</flickrid>
		<name>Tami Gramont</name>
	</owner>
	<size>
		<width>447</width>
		<height>500</height>
		<depth>3</depth>
	</size>
	<segmented>0</segmented>
	<object>
		<name>person</name>
		<pose>Frontal</pose>
		<truncated>0</truncated>
		<difficult>0</difficult>
		<bndbox>
			<xmin>73</xmin>
			<ymin>18</ymin>
			<xmax>406</xmax>
			<ymax>500</ymax>
		</bndbox>
	</object>
	<object>
		<name>horse</name>
		<pose>Frontal</pose>
		<truncated>1</truncated>
		<difficult>0</difficult>
		<bndbox>
			<xmin>135</xmin>
			<ymin>227</ymin>
			<xmax>338</xmax>
			<ymax>500</ymax>
		</bndbox>
	</object>
	<object>
		<name>person</name>
		<pose>Unspecified</pose>
		<truncated>1</truncated>
		<difficult>1</difficult>
		<bndbox>
			<xmin>22</xmin>
			<ymin>1</ymin>
			<xmax>75</xmax>
			<ymax>101</ymax>
		</bndbox>
	</object>
	<object>
		<name>horse</name>
		<pose>Unspecified</pose>
		<truncated>1</truncated>
		<difficult>1</difficult>
		<bndbox>
			<xmin>42</xmin>
			<ymin>58</ymin>
			<xmax>137</xmax>
			<ymax>104</ymax>
		</bndbox>
	</object>
</annotation>
