<annotation>
	<folder>VOC2007</folder>
	<filename>000192.jpg</filename>
	<source>
		<database>The VOC2007 Database</database>
		<annotation>PASCAL VOC2007</annotation>
		<image>flickr</image>
		<flickrid>340317376</flickrid>
	</source>
	<owner>
		<flickrid>martusiawchinach</flickrid>
		<name>?</name>
	</owner>
	<size>
		<width>500</width>
		<height>375</height>
		<depth>3</depth>
	</size>
	<segmented>0</segmented>
	<object>
		<name>person</name>
		<pose>Frontal</pose>
		<truncated>1</truncated>
		<difficult>0</difficult>
		<bndbox>
			<xmin>116</xmin>
			<ymin>64</ymin>
			<xmax>356</xmax>
			<ymax>375</ymax>
		</bndbox>
	</object>
	<object>
		<name>chair</name>
		<pose>Unspecified</pose>
		<truncated>1</truncated>
		<difficult>1</difficult>
		<bndbox>
			<xmin>2</xmin>
			<ymin>212</ymin>
			<xmax>49</xmax>
			<ymax>375</ymax>
		</bndbox>
	</object>
</annotation>
