<annotation>
	<folder>VOC2007</folder>
	<filename>000132.jpg</filename>
	<source>
		<database>The VOC2007 Database</database>
		<annotation>PASCAL VOC2007</annotation>
		<image>flickr</image>
		<flickrid>156515050</flickrid>
	</source>
	<owner>
		<flickrid>late night movie</flickrid>
		<name>Mart</name>
	</owner>
	<size>
		<width>500</width>
		<height>421</height>
		<depth>3</depth>
	</size>
	<segmented>0</segmented>
	<object>
		<name>bus</name>
		<pose>Frontal</pose>
		<truncated>0</truncated>
		<difficult>0</difficult>
		<bndbox>
			<xmin>43</xmin>
			<ymin>66</ymin>
			<xmax>279</xmax>
			<ymax>363</ymax>
		</bndbox>
	</object>
</annotation>
