<annotation>
	<folder>VOC2007</folder>
	<filename>000241.jpg</filename>
	<source>
		<database>The VOC2007 Database</database>
		<annotation>PASCAL VOC2007</annotation>
		<image>flickr</image>
		<flickrid>324175713</flickrid>
	</source>
	<owner>
		<flickrid>moschos</flickrid>
		<name>Moschos Koupoukis</name>
	</owner>
	<size>
		<width>500</width>
		<height>375</height>
		<depth>3</depth>
	</size>
	<segmented>1</segmented>
	<object>
		<name>boat</name>
		<pose>Left</pose>
		<truncated>1</truncated>
		<difficult>0</difficult>
		<bndbox>
			<xmin>356</xmin>
			<ymin>183</ymin>
			<xmax>500</xmax>
			<ymax>280</ymax>
		</bndbox>
	</object>
	<object>
		<name>boat</name>
		<pose>Left</pose>
		<truncated>0</truncated>
		<difficult>0</difficult>
		<bndbox>
			<xmin>60</xmin>
			<ymin>109</ymin>
			<xmax>142</xmax>
			<ymax>213</ymax>
		</bndbox>
	</object>
	<object>
		<name>boat</name>
		<pose>Unspecified</pose>
		<truncated>0</truncated>
		<difficult>0</difficult>
		<bndbox>
			<xmin>246</xmin>
			<ymin>134</ymin>
			<xmax>348</xmax>
			<ymax>217</ymax>
		</bndbox>
	</object>
</annotation>
