<annotation>
	<folder>VOC2007</folder>
	<filename>000246.jpg</filename>
	<source>
		<database>The VOC2007 Database</database>
		<annotation>PASCAL VOC2007</annotation>
		<image>flickr</image>
		<flickrid>338323619</flickrid>
	</source>
	<owner>
		<flickrid>/justin</flickrid>
		<name>Justin Rafferty</name>
	</owner>
	<size>
		<width>500</width>
		<height>375</height>
		<depth>3</depth>
	</size>
	<segmented>0</segmented>
	<object>
		<name>dog</name>
		<pose>Right</pose>
		<truncated>0</truncated>
		<difficult>0</difficult>
		<bndbox>
			<xmin>60</xmin>
			<ymin>44</ymin>
			<xmax>331</xmax>
			<ymax>310</ymax>
		</bndbox>
	</object>
</annotation>
