<annotation>
	<folder>VOC2007</folder>
	<filename>000236.jpg</filename>
	<source>
		<database>The VOC2007 Database</database>
		<annotation>PASCAL VOC2007</annotation>
		<image>flickr</image>
		<flickrid>331637664</flickrid>
	</source>
	<owner>
		<flickrid>Moon Cake</flickrid>
		<name>?</name>
	</owner>
	<size>
		<width>500</width>
		<height>381</height>
		<depth>3</depth>
	</size>
	<segmented>0</segmented>
	<object>
		<name>bird</name>
		<pose>Right</pose>
		<truncated>0</truncated>
		<difficult>0</difficult>
		<bndbox>
			<xmin>88</xmin>
			<ymin>169</ymin>
			<xmax>275</xmax>
			<ymax>314</ymax>
		</bndbox>
	</object>
</annotation>
