<annotation>
	<folder>VOC2007</folder>
	<filename>000244.jpg</filename>
	<source>
		<database>The VOC2007 Database</database>
		<annotation>PASCAL VOC2007</annotation>
		<image>flickr</image>
		<flickrid>317419560</flickrid>
	</source>
	<owner>
		<flickrid>rocatis</flickrid>
		<name>Jon Rocatis</name>
	</owner>
	<size>
		<width>500</width>
		<height>333</height>
		<depth>3</depth>
	</size>
	<segmented>0</segmented>
	<object>
		<name>sheep</name>
		<pose>Right</pose>
		<truncated>1</truncated>
		<difficult>0</difficult>
		<bndbox>
			<xmin>116</xmin>
			<ymin>202</ymin>
			<xmax>157</xmax>
			<ymax>230</ymax>
		</bndbox>
	</object>
</annotation>
