<annotation>
	<folder>VOC2007</folder>
	<filename>000209.jpg</filename>
	<source>
		<database>The VOC2007 Database</database>
		<annotation>PASCAL VOC2007</annotation>
		<image>flickr</image>
		<flickrid>340804291</flickrid>
	</source>
	<owner>
		<flickrid>Kubrick75</flickrid>
		<name>Andrea Guandalini  from Carpi (Italy)</name>
	</owner>
	<size>
		<width>500</width>
		<height>375</height>
		<depth>3</depth>
	</size>
	<segmented>0</segmented>
	<object>
		<name>cat</name>
		<pose>Unspecified</pose>
		<truncated>1</truncated>
		<difficult>0</difficult>
		<bndbox>
			<xmin>14</xmin>
			<ymin>76</ymin>
			<xmax>400</xmax>
			<ymax>375</ymax>
		</bndbox>
	</object>
</annotation>
