<annotation>
	<folder>VOC2007</folder>
	<filename>000322.jpg</filename>
	<source>
		<database>The VOC2007 Database</database>
		<annotation>PASCAL VOC2007</annotation>
		<image>flickr</image>
		<flickrid>340281823</flickrid>
	</source>
	<owner>
		<flickrid>Heavy Bag Henry</flickrid>
		<name>Ed Grenier</name>
	</owner>
	<size>
		<width>500</width>
		<height>332</height>
		<depth>3</depth>
	</size>
	<segmented>0</segmented>
	<object>
		<name>person</name>
		<pose>Frontal</pose>
		<truncated>1</truncated>
		<difficult>0</difficult>
		<bndbox>
			<xmin>13</xmin>
			<ymin>2</ymin>
			<xmax>469</xmax>
			<ymax>332</ymax>
		</bndbox>
	</object>
</annotation>
