<annotation>
	<folder>VOC2007</folder>
	<filename>000332.jpg</filename>
	<source>
		<database>The VOC2007 Database</database>
		<annotation>PASCAL VOC2007</annotation>
		<image>flickr</image>
		<flickrid>336655088</flickrid>
	</source>
	<owner>
		<flickrid>Jos? Carlos Cortizo P?rez</flickrid>
		<name>Jos? Carlos Cortizo P?rez</name>
	</owner>
	<size>
		<width>500</width>
		<height>333</height>
		<depth>3</depth>
	</size>
	<segmented>1</segmented>
	<object>
		<name>horse</name>
		<pose>Right</pose>
		<truncated>0</truncated>
		<difficult>0</difficult>
		<bndbox>
			<xmin>54</xmin>
			<ymin>50</ymin>
			<xmax>285</xmax>
			<ymax>262</ymax>
		</bndbox>
	</object>
</annotation>
