<annotation>
	<folder>VOC2007</folder>
	<filename>000382.jpg</filename>
	<source>
		<database>The VOC2007 Database</database>
		<annotation>PASCAL VOC2007</annotation>
		<image>flickr</image>
		<flickrid>329278544</flickrid>
	</source>
	<owner>
		<flickrid>eduardo.peiro</flickrid>
		<name>Eduardo Peir?</name>
	</owner>
	<size>
		<width>375</width>
		<height>500</height>
		<depth>3</depth>
	</size>
	<segmented>0</segmented>
	<object>
		<name>boat</name>
		<pose>Unspecified</pose>
		<truncated>1</truncated>
		<difficult>0</difficult>
		<bndbox>
			<xmin>3</xmin>
			<ymin>167</ymin>
			<xmax>163</xmax>
			<ymax>500</ymax>
		</bndbox>
	</object>
	<object>
		<name>person</name>
		<pose>Left</pose>
		<truncated>0</truncated>
		<difficult>0</difficult>
		<bndbox>
			<xmin>100</xmin>
			<ymin>265</ymin>
			<xmax>119</xmax>
			<ymax>298</ymax>
		</bndbox>
	</object>
</annotation>
