<annotation>
	<folder>VOC2007</folder>
	<filename>000391.jpg</filename>
	<source>
		<database>The VOC2007 Database</database>
		<annotation>PASCAL VOC2007</annotation>
		<image>flickr</image>
		<flickrid>311965936</flickrid>
	</source>
	<owner>
		<flickrid>khvafl</flickrid>
		<name>Cox Hopper</name>
	</owner>
	<size>
		<width>500</width>
		<height>458</height>
		<depth>3</depth>
	</size>
	<segmented>0</segmented>
	<object>
		<name>pottedplant</name>
		<pose>Unspecified</pose>
		<truncated>1</truncated>
		<difficult>0</difficult>
		<bndbox>
			<xmin>57</xmin>
			<ymin>47</ymin>
			<xmax>465</xmax>
			<ymax>458</ymax>
		</bndbox>
	</object>
</annotation>
