<annotation>
	<folder>VOC2007</folder>
	<filename>000340.jpg</filename>
	<source>
		<database>The VOC2007 Database</database>
		<annotation>PASCAL VOC2007</annotation>
		<image>flickr</image>
		<flickrid>197380456</flickrid>
	</source>
	<owner>
		<flickrid>SJames86</flickrid>
		<name>Sarah James</name>
	</owner>
	<size>
		<width>500</width>
		<height>375</height>
		<depth>3</depth>
	</size>
	<segmented>0</segmented>
	<object>
		<name>bird</name>
		<pose>Unspecified</pose>
		<truncated>0</truncated>
		<difficult>0</difficult>
		<bndbox>
			<xmin>334</xmin>
			<ymin>131</ymin>
			<xmax>447</xmax>
			<ymax>363</ymax>
		</bndbox>
	</object>
	<object>
		<name>bird</name>
		<pose>Unspecified</pose>
		<truncated>0</truncated>
		<difficult>0</difficult>
		<bndbox>
			<xmin>72</xmin>
			<ymin>38</ymin>
			<xmax>186</xmax>
			<ymax>255</ymax>
		</bndbox>
	</object>
</annotation>
