<annotation>
	<folder>VOC2007</folder>
	<filename>000395.jpg</filename>
	<source>
		<database>The VOC2007 Database</database>
		<annotation>PASCAL VOC2007</annotation>
		<image>flickr</image>
		<flickrid>325757914</flickrid>
	</source>
	<owner>
		<flickrid>worleyx</flickrid>
		<name>Phillip</name>
	</owner>
	<size>
		<width>500</width>
		<height>322</height>
		<depth>3</depth>
	</size>
	<segmented>0</segmented>
	<object>
		<name>bird</name>
		<pose>Left</pose>
		<truncated>0</truncated>
		<difficult>0</difficult>
		<bndbox>
			<xmin>104</xmin>
			<ymin>54</ymin>
			<xmax>429</xmax>
			<ymax>264</ymax>
		</bndbox>
	</object>
</annotation>
