<annotation>
	<folder>VOC2007</folder>
	<filename>000354.jpg</filename>
	<source>
		<database>The VOC2007 Database</database>
		<annotation>PASCAL VOC2007</annotation>
		<image>flickr</image>
		<flickrid>338914248</flickrid>
	</source>
	<owner>
		<flickrid>Little Ros</flickrid>
		<name>Rosamund Spinnler</name>
	</owner>
	<size>
		<width>500</width>
		<height>375</height>
		<depth>3</depth>
	</size>
	<segmented>0</segmented>
	<object>
		<name>cat</name>
		<pose>Unspecified</pose>
		<truncated>0</truncated>
		<difficult>0</difficult>
		<bndbox>
			<xmin>153</xmin>
			<ymin>116</ymin>
			<xmax>356</xmax>
			<ymax>375</ymax>
		</bndbox>
	</object>
</annotation>
