<annotation>
	<folder>VOC2007</folder>
	<filename>000336.jpg</filename>
	<source>
		<database>The VOC2007 Database</database>
		<annotation>PASCAL VOC2007</annotation>
		<image>flickr</image>
		<flickrid>340441972</flickrid>
	</source>
	<owner>
		<flickrid>The Dog's Daddy</flickrid>
		<name>Jerry Gilbert</name>
	</owner>
	<size>
		<width>500</width>
		<height>430</height>
		<depth>3</depth>
	</size>
	<segmented>0</segmented>
	<object>
		<name>dog</name>
		<pose>Unspecified</pose>
		<truncated>0</truncated>
		<difficult>0</difficult>
		<bndbox>
			<xmin>4</xmin>
			<ymin>7</ymin>
			<xmax>472</xmax>
			<ymax>426</ymax>
		</bndbox>
	</object>
</annotation>
