<annotation>
	<folder>VOC2007</folder>
	<filename>000347.jpg</filename>
	<source>
		<database>The VOC2007 Database</database>
		<annotation>PASCAL VOC2007</annotation>
		<image>flickr</image>
		<flickrid>308679210</flickrid>
	</source>
	<owner>
		<flickrid>BobandEna</flickrid>
		<name>Robert Beards</name>
	</owner>
	<size>
		<width>466</width>
		<height>357</height>
		<depth>3</depth>
	</size>
	<segmented>0</segmented>
	<object>
		<name>horse</name>
		<pose>Left</pose>
		<truncated>0</truncated>
		<difficult>0</difficult>
		<bndbox>
			<xmin>77</xmin>
			<ymin>2</ymin>
			<xmax>411</xmax>
			<ymax>348</ymax>
		</bndbox>
	</object>
</annotation>
