<annotation>
	<folder>VOC2007</folder>
	<filename>000379.jpg</filename>
	<source>
		<database>The VOC2007 Database</database>
		<annotation>PASCAL VOC2007</annotation>
		<image>flickr</image>
		<flickrid>257905481</flickrid>
	</source>
	<owner>
		<flickrid>tomdesnaker</flickrid>
		<name>Tom N</name>
	</owner>
	<size>
		<width>500</width>
		<height>375</height>
		<depth>3</depth>
	</size>
	<segmented>0</segmented>
	<object>
		<name>bicycle</name>
		<pose>Left</pose>
		<truncated>0</truncated>
		<difficult>0</difficult>
		<bndbox>
			<xmin>46</xmin>
			<ymin>16</ymin>
			<xmax>443</xmax>
			<ymax>341</ymax>
		</bndbox>
	</object>
</annotation>
