<annotation>
	<folder>VOC2007</folder>
	<filename>000321.jpg</filename>
	<source>
		<database>The VOC2007 Database</database>
		<annotation>PASCAL VOC2007</annotation>
		<image>flickr</image>
		<flickrid>336352281</flickrid>
	</source>
	<owner>
		<flickrid>AndrewEick</flickrid>
		<name>Andy Eick</name>
	</owner>
	<size>
		<width>333</width>
		<height>500</height>
		<depth>3</depth>
	</size>
	<segmented>0</segmented>
	<object>
		<name>person</name>
		<pose>Frontal</pose>
		<truncated>0</truncated>
		<difficult>0</difficult>
		<bndbox>
			<xmin>44</xmin>
			<ymin>167</ymin>
			<xmax>249</xmax>
			<ymax>458</ymax>
		</bndbox>
	</object>
</annotation>
