<annotation>
	<folder>VOC2007</folder>
	<filename>000424.jpg</filename>
	<source>
		<database>The VOC2007 Database</database>
		<annotation>PASCAL VOC2007</annotation>
		<image>flickr</image>
		<flickrid>339765163</flickrid>
	</source>
	<owner>
		<flickrid>Foto John</flickrid>
		<name>John Larkin</name>
	</owner>
	<size>
		<width>500</width>
		<height>325</height>
		<depth>3</depth>
	</size>
	<segmented>0</segmented>
	<object>
		<name>bird</name>
		<pose>Left</pose>
		<truncated>0</truncated>
		<difficult>0</difficult>
		<bndbox>
			<xmin>65</xmin>
			<ymin>159</ymin>
			<xmax>134</xmax>
			<ymax>216</ymax>
		</bndbox>
	</object>
	<object>
		<name>bird</name>
		<pose>Left</pose>
		<truncated>0</truncated>
		<difficult>0</difficult>
		<bndbox>
			<xmin>189</xmin>
			<ymin>197</ymin>
			<xmax>284</xmax>
			<ymax>254</ymax>
		</bndbox>
	</object>
	<object>
		<name>bird</name>
		<pose>Left</pose>
		<truncated>0</truncated>
		<difficult>0</difficult>
		<bndbox>
			<xmin>327</xmin>
			<ymin>209</ymin>
			<xmax>401</xmax>
			<ymax>252</ymax>
		</bndbox>
	</object>
	<object>
		<name>bird</name>
		<pose>Left</pose>
		<truncated>0</truncated>
		<difficult>0</difficult>
		<bndbox>
			<xmin>411</xmin>
			<ymin>177</ymin>
			<xmax>486</xmax>
			<ymax>227</ymax>
		</bndbox>
	</object>
</annotation>
