<annotation>
	<folder>VOC2007</folder>
	<filename>000496.jpg</filename>
	<source>
		<database>The VOC2007 Database</database>
		<annotation>PASCAL VOC2007</annotation>
		<image>flickr</image>
		<flickrid>301745311</flickrid>
	</source>
	<owner>
		<flickrid>kevincrumbs</flickrid>
		<name>Kevin Chan</name>
	</owner>
	<size>
		<width>500</width>
		<height>375</height>
		<depth>3</depth>
	</size>
	<segmented>0</segmented>
	<object>
		<name>diningtable</name>
		<pose>Unspecified</pose>
		<truncated>1</truncated>
		<difficult>1</difficult>
		<bndbox>
			<xmin>457</xmin>
			<ymin>217</ymin>
			<xmax>500</xmax>
			<ymax>338</ymax>
		</bndbox>
	</object>
	<object>
		<name>chair</name>
		<pose>Right</pose>
		<truncated>0</truncated>
		<difficult>0</difficult>
		<bndbox>
			<xmin>419</xmin>
			<ymin>210</ymin>
			<xmax>482</xmax>
			<ymax>319</ymax>
		</bndbox>
	</object>
</annotation>
