<annotation>
	<folder>VOC2007</folder>
	<filename>000433.jpg</filename>
	<source>
		<database>The VOC2007 Database</database>
		<annotation>PASCAL VOC2007</annotation>
		<image>flickr</image>
		<flickrid>337901587</flickrid>
	</source>
	<owner>
		<flickrid>andreu1917</flickrid>
		<name>Andreu</name>
	</owner>
	<size>
		<width>500</width>
		<height>370</height>
		<depth>3</depth>
	</size>
	<segmented>0</segmented>
	<object>
		<name>chair</name>
		<pose>Left</pose>
		<truncated>0</truncated>
		<difficult>0</difficult>
		<bndbox>
			<xmin>220</xmin>
			<ymin>81</ymin>
			<xmax>469</xmax>
			<ymax>364</ymax>
		</bndbox>
	</object>
	<object>
		<name>person</name>
		<pose>Frontal</pose>
		<truncated>0</truncated>
		<difficult>0</difficult>
		<bndbox>
			<xmin>196</xmin>
			<ymin>56</ymin>
			<xmax>454</xmax>
			<ymax>357</ymax>
		</bndbox>
	</object>
</annotation>
