<annotation>
	<folder>VOC2007</folder>
	<filename>000444.jpg</filename>
	<source>
		<database>The VOC2007 Database</database>
		<annotation>PASCAL VOC2007</annotation>
		<image>flickr</image>
		<flickrid>317215551</flickrid>
	</source>
	<owner>
		<flickrid>vaio_2002</flickrid>
		<name>Jonathan</name>
	</owner>
	<size>
		<width>332</width>
		<height>500</height>
		<depth>3</depth>
	</size>
	<segmented>0</segmented>
	<object>
		<name>boat</name>
		<pose>Left</pose>
		<truncated>0</truncated>
		<difficult>0</difficult>
		<bndbox>
			<xmin>2</xmin>
			<ymin>2</ymin>
			<xmax>332</xmax>
			<ymax>325</ymax>
		</bndbox>
	</object>
	<object>
		<name>person</name>
		<pose>Unspecified</pose>
		<truncated>1</truncated>
		<difficult>1</difficult>
		<bndbox>
			<xmin>106</xmin>
			<ymin>210</ymin>
			<xmax>204</xmax>
			<ymax>291</ymax>
		</bndbox>
	</object>
</annotation>
