<annotation>
	<folder>VOC2007</folder>
	<filename>000443.jpg</filename>
	<source>
		<database>The VOC2007 Database</database>
		<annotation>PASCAL VOC2007</annotation>
		<image>flickr</image>
		<flickrid>332455592</flickrid>
	</source>
	<owner>
		<flickrid>NatashaP</flickrid>
		<name>?</name>
	</owner>
	<size>
		<width>500</width>
		<height>464</height>
		<depth>3</depth>
	</size>
	<segmented>0</segmented>
	<object>
		<name>person</name>
		<pose>Unspecified</pose>
		<truncated>0</truncated>
		<difficult>0</difficult>
		<bndbox>
			<xmin>12</xmin>
			<ymin>18</ymin>
			<xmax>107</xmax>
			<ymax>318</ymax>
		</bndbox>
	</object>
	<object>
		<name>dog</name>
		<pose>Frontal</pose>
		<truncated>1</truncated>
		<difficult>0</difficult>
		<bndbox>
			<xmin>176</xmin>
			<ymin>117</ymin>
			<xmax>327</xmax>
			<ymax>268</ymax>
		</bndbox>
	</object>
</annotation>
