<annotation>
	<folder>VOC2007</folder>
	<filename>000423.jpg</filename>
	<source>
		<database>The VOC2007 Database</database>
		<annotation>PASCAL VOC2007</annotation>
		<image>flickr</image>
		<flickrid>329211137</flickrid>
	</source>
	<owner>
		<flickrid>N_Creatures</flickrid>
		<name>N_Creatures</name>
	</owner>
	<size>
		<width>500</width>
		<height>375</height>
		<depth>3</depth>
	</size>
	<segmented>0</segmented>
	<object>
		<name>person</name>
		<pose>Frontal</pose>
		<truncated>0</truncated>
		<difficult>0</difficult>
		<part>
			<name>head</name>
			<bndbox>
				<xmin>69</xmin>
				<ymin>82</ymin>
				<xmax>94</xmax>
				<ymax>112</ymax>
			</bndbox>
		</part>
		<part>
			<name>hand</name>
			<bndbox>
				<xmin>63</xmin>
				<ymin>172</ymin>
				<xmax>70</xmax>
				<ymax>186</ymax>
			</bndbox>
		</part>
		<part>
			<name>hand</name>
			<bndbox>
				<xmin>104</xmin>
				<ymin>170</ymin>
				<xmax>115</xmax>
				<ymax>184</ymax>
			</bndbox>
		</part>
		<part>
			<name>foot</name>
			<bndbox>
				<xmin>78</xmin>
				<ymin>249</ymin>
				<xmax>96</xmax>
				<ymax>263</ymax>
			</bndbox>
		</part>
		<part>
			<name>foot</name>
			<bndbox>
				<xmin>98</xmin>
				<ymin>250</ymin>
				<xmax>114</xmax>
				<ymax>263</ymax>
			</bndbox>
		</part>
		<bndbox>
			<xmin>51</xmin>
			<ymin>80</ymin>
			<xmax>122</xmax>
			<ymax>266</ymax>
		</bndbox>
	</object>
	<object>
		<name>person</name>
		<pose>Unspecified</pose>
		<truncated>1</truncated>
		<difficult>0</difficult>
		<part>
			<name>head</name>
			<bndbox>
				<xmin>374</xmin>
				<ymin>96</ymin>
				<xmax>413</xmax>
				<ymax>143</ymax>
			</bndbox>
		</part>
		<part>
			<name>foot</name>
			<bndbox>
				<xmin>424</xmin>
				<ymin>282</ymin>
				<xmax>443</xmax>
				<ymax>297</ymax>
			</bndbox>
		</part>
		<part>
			<name>hand</name>
			<bndbox>
				<xmin>382</xmin>
				<ymin>179</ymin>
				<xmax>401</xmax>
				<ymax>200</ymax>
			</bndbox>
		</part>
		<bndbox>
			<xmin>367</xmin>
			<ymin>92</ymin>
			<xmax>461</xmax>
			<ymax>315</ymax>
		</bndbox>
	</object>
</annotation>
