<annotation>
	<folder>VOC2007</folder>
	<filename>000408.jpg</filename>
	<source>
		<database>The VOC2007 Database</database>
		<annotation>PASCAL VOC2007</annotation>
		<image>flickr</image>
		<flickrid>328925926</flickrid>
	</source>
	<owner>
		<flickrid>espeedy123</flickrid>
		<name>?</name>
	</owner>
	<size>
		<width>375</width>
		<height>500</height>
		<depth>3</depth>
	</size>
	<segmented>0</segmented>
	<object>
		<name>cow</name>
		<pose>Frontal</pose>
		<truncated>1</truncated>
		<difficult>0</difficult>
		<bndbox>
			<xmin>51</xmin>
			<ymin>114</ymin>
			<xmax>347</xmax>
			<ymax>499</ymax>
		</bndbox>
	</object>
</annotation>
