<annotation>
	<folder>VOC2007</folder>
	<filename>000446.jpg</filename>
	<source>
		<database>The VOC2007 Database</database>
		<annotation>PASCAL VOC2007</annotation>
		<image>flickr</image>
		<flickrid>331260256</flickrid>
	</source>
	<owner>
		<flickrid>jansunds</flickrid>
		<name>Jan Sundstr?m</name>
	</owner>
	<size>
		<width>332</width>
		<height>500</height>
		<depth>3</depth>
	</size>
	<segmented>0</segmented>
	<object>
		<name>person</name>
		<pose>Frontal</pose>
		<truncated>0</truncated>
		<difficult>0</difficult>
		<bndbox>
			<xmin>130</xmin>
			<ymin>167</ymin>
			<xmax>230</xmax>
			<ymax>476</ymax>
		</bndbox>
	</object>
	<object>
		<name>person</name>
		<pose>Rear</pose>
		<truncated>0</truncated>
		<difficult>0</difficult>
		<bndbox>
			<xmin>81</xmin>
			<ymin>86</ymin>
			<xmax>244</xmax>
			<ymax>472</ymax>
		</bndbox>
	</object>
</annotation>
