<annotation>
	<folder>VOC2007</folder>
	<filename>000491.jpg</filename>
	<source>
		<database>The VOC2007 Database</database>
		<annotation>PASCAL VOC2007</annotation>
		<image>flickr</image>
		<flickrid>311222203</flickrid>
	</source>
	<owner>
		<flickrid>rocksrocksocks</flickrid>
		<name>?</name>
	</owner>
	<size>
		<width>500</width>
		<height>334</height>
		<depth>3</depth>
	</size>
	<segmented>1</segmented>
	<object>
		<name>cow</name>
		<pose>Unspecified</pose>
		<truncated>1</truncated>
		<difficult>0</difficult>
		<bndbox>
			<xmin>2</xmin>
			<ymin>2</ymin>
			<xmax>459</xmax>
			<ymax>334</ymax>
		</bndbox>
	</object>
</annotation>
