<annotation>
	<folder>VOC2007</folder>
	<filename>000454.jpg</filename>
	<source>
		<database>The VOC2007 Database</database>
		<annotation>PASCAL VOC2007</annotation>
		<image>flickr</image>
		<flickrid>339303809</flickrid>
	</source>
	<owner>
		<flickrid>cdtwigg</flickrid>
		<name>?</name>
	</owner>
	<size>
		<width>500</width>
		<height>297</height>
		<depth>3</depth>
	</size>
	<segmented>0</segmented>
	<object>
		<name>dog</name>
		<pose>Unspecified</pose>
		<truncated>1</truncated>
		<difficult>0</difficult>
		<bndbox>
			<xmin>1</xmin>
			<ymin>15</ymin>
			<xmax>460</xmax>
			<ymax>297</ymax>
		</bndbox>
	</object>
</annotation>
