<annotation>
	<folder>VOC2007</folder>
	<filename>000483.jpg</filename>
	<source>
		<database>The VOC2007 Database</database>
		<annotation>PASCAL VOC2007</annotation>
		<image>flickr</image>
		<flickrid>227228862</flickrid>
	</source>
	<owner>
		<flickrid>genewolf</flickrid>
		<name>whiskey kitten</name>
	</owner>
	<size>
		<width>383</width>
		<height>480</height>
		<depth>3</depth>
	</size>
	<segmented>0</segmented>
	<object>
		<name>horse</name>
		<pose>Frontal</pose>
		<truncated>0</truncated>
		<difficult>0</difficult>
		<bndbox>
			<xmin>122</xmin>
			<ymin>94</ymin>
			<xmax>284</xmax>
			<ymax>437</ymax>
		</bndbox>
	</object>
	<object>
		<name>person</name>
		<pose>Unspecified</pose>
		<truncated>0</truncated>
		<difficult>0</difficult>
		<bndbox>
			<xmin>167</xmin>
			<ymin>44</ymin>
			<xmax>255</xmax>
			<ymax>289</ymax>
		</bndbox>
		<part>
			<name>head</name>
			<bndbox>
				<xmin>176</xmin>
				<ymin>45</ymin>
				<xmax>220</xmax>
				<ymax>92</ymax>
			</bndbox>
		</part>
		<part>
			<name>hand</name>
			<bndbox>
				<xmin>187</xmin>
				<ymin>141</ymin>
				<xmax>204</xmax>
				<ymax>158</ymax>
			</bndbox>
		</part>
		<part>
			<name>foot</name>
			<bndbox>
				<xmin>238</xmin>
				<ymin>269</ymin>
				<xmax>255</xmax>
				<ymax>289</ymax>
			</bndbox>
		</part>
	</object>
</annotation>
