<annotation>
	<folder>VOC2007</folder>
	<filename>000518.jpg</filename>
	<source>
		<database>The VOC2007 Database</database>
		<annotation>PASCAL VOC2007</annotation>
		<image>flickr</image>
		<flickrid>332607333</flickrid>
	</source>
	<owner>
		<flickrid>Geoff Penn</flickrid>
		<name>Geoff Penn</name>
	</owner>
	<size>
		<width>500</width>
		<height>333</height>
		<depth>3</depth>
	</size>
	<segmented>0</segmented>
	<object>
		<name>person</name>
		<pose>Unspecified</pose>
		<truncated>1</truncated>
		<difficult>1</difficult>
		<bndbox>
			<xmin>383</xmin>
			<ymin>33</ymin>
			<xmax>418</xmax>
			<ymax>93</ymax>
		</bndbox>
	</object>
	<object>
		<name>person</name>
		<pose>Right</pose>
		<truncated>0</truncated>
		<difficult>0</difficult>
		<bndbox>
			<xmin>1</xmin>
			<ymin>191</ymin>
			<xmax>21</xmax>
			<ymax>252</ymax>
		</bndbox>
	</object>
	<object>
		<name>bus</name>
		<pose>Right</pose>
		<truncated>0</truncated>
		<difficult>0</difficult>
		<bndbox>
			<xmin>19</xmin>
			<ymin>76</ymin>
			<xmax>478</xmax>
			<ymax>311</ymax>
		</bndbox>
	</object>
</annotation>
