<annotation>
	<folder>VOC2007</folder>
	<filename>000537.jpg</filename>
	<source>
		<database>The VOC2007 Database</database>
		<annotation>PASCAL VOC2007</annotation>
		<image>flickr</image>
		<flickrid>330645054</flickrid>
	</source>
	<owner>
		<flickrid>ddurbin123</flickrid>
		<name>Dave Durbin</name>
	</owner>
	<size>
		<width>500</width>
		<height>400</height>
		<depth>3</depth>
	</size>
	<segmented>0</segmented>
	<object>
		<name>dog</name>
		<pose>Frontal</pose>
		<truncated>0</truncated>
		<difficult>0</difficult>
		<bndbox>
			<xmin>111</xmin>
			<ymin>12</ymin>
			<xmax>396</xmax>
			<ymax>400</ymax>
		</bndbox>
	</object>
</annotation>
