<annotation>
	<folder>VOC2007</folder>
	<filename>000582.jpg</filename>
	<source>
		<database>The VOC2007 Database</database>
		<annotation>PASCAL VOC2007</annotation>
		<image>flickr</image>
		<flickrid>340975382</flickrid>
	</source>
	<owner>
		<flickrid>*ambika*</flickrid>
		<name>Ambika Rey</name>
	</owner>
	<size>
		<width>375</width>
		<height>500</height>
		<depth>3</depth>
	</size>
	<segmented>0</segmented>
	<object>
		<name>dog</name>
		<pose>Unspecified</pose>
		<truncated>1</truncated>
		<difficult>0</difficult>
		<bndbox>
			<xmin>1</xmin>
			<ymin>1</ymin>
			<xmax>373</xmax>
			<ymax>411</ymax>
		</bndbox>
	</object>
</annotation>
