<annotation>
	<folder>VOC2007</folder>
	<filename>000520.jpg</filename>
	<source>
		<database>The VOC2007 Database</database>
		<annotation>PASCAL VOC2007</annotation>
		<image>flickr</image>
		<flickrid>339220230</flickrid>
	</source>
	<owner>
		<flickrid>garethmobile</flickrid>
		<name>Gareth</name>
	</owner>
	<size>
		<width>334</width>
		<height>500</height>
		<depth>3</depth>
	</size>
	<segmented>0</segmented>
	<object>
		<name>person</name>
		<pose>Unspecified</pose>
		<truncated>0</truncated>
		<difficult>0</difficult>
		<bndbox>
			<xmin>74</xmin>
			<ymin>79</ymin>
			<xmax>334</xmax>
			<ymax>451</ymax>
		</bndbox>
	</object>
</annotation>
