<annotation>
	<folder>VOC2007</folder>
	<filename>000654.jpg</filename>
	<source>
		<database>The VOC2007 Database</database>
		<annotation>PASCAL VOC2007</annotation>
		<image>flickr</image>
		<flickrid>325616543</flickrid>
	</source>
	<owner>
		<flickrid>NCBrian</flickrid>
		<name>Brian Leon</name>
	</owner>
	<size>
		<width>500</width>
		<height>333</height>
		<depth>3</depth>
	</size>
	<segmented>0</segmented>
	<object>
		<name>sheep</name>
		<pose>Unspecified</pose>
		<truncated>1</truncated>
		<difficult>1</difficult>
		<bndbox>
			<xmin>155</xmin>
			<ymin>130</ymin>
			<xmax>231</xmax>
			<ymax>175</ymax>
		</bndbox>
	</object>
	<object>
		<name>sheep</name>
		<pose>Left</pose>
		<truncated>1</truncated>
		<difficult>0</difficult>
		<bndbox>
			<xmin>36</xmin>
			<ymin>135</ymin>
			<xmax>168</xmax>
			<ymax>227</ymax>
		</bndbox>
	</object>
	<object>
		<name>sheep</name>
		<pose>Left</pose>
		<truncated>0</truncated>
		<difficult>0</difficult>
		<bndbox>
			<xmin>55</xmin>
			<ymin>152</ymin>
			<xmax>215</xmax>
			<ymax>249</ymax>
		</bndbox>
	</object>
	<object>
		<name>person</name>
		<pose>Unspecified</pose>
		<truncated>0</truncated>
		<difficult>0</difficult>
		<bndbox>
			<xmin>411</xmin>
			<ymin>51</ymin>
			<xmax>463</xmax>
			<ymax>146</ymax>
		</bndbox>
	</object>
	<object>
		<name>person</name>
		<pose>Unspecified</pose>
		<truncated>0</truncated>
		<difficult>0</difficult>
		<bndbox>
			<xmin>368</xmin>
			<ymin>49</ymin>
			<xmax>424</xmax>
			<ymax>146</ymax>
		</bndbox>
	</object>
	<object>
		<name>person</name>
		<pose>Unspecified</pose>
		<truncated>0</truncated>
		<difficult>0</difficult>
		<bndbox>
			<xmin>323</xmin>
			<ymin>81</ymin>
			<xmax>369</xmax>
			<ymax>133</ymax>
		</bndbox>
	</object>
	<object>
		<name>person</name>
		<pose>Unspecified</pose>
		<truncated>0</truncated>
		<difficult>0</difficult>
		<bndbox>
			<xmin>114</xmin>
			<ymin>61</ymin>
			<xmax>171</xmax>
			<ymax>139</ymax>
		</bndbox>
	</object>
	<object>
		<name>person</name>
		<pose>Unspecified</pose>
		<truncated>0</truncated>
		<difficult>0</difficult>
		<bndbox>
			<xmin>86</xmin>
			<ymin>60</ymin>
			<xmax>129</xmax>
			<ymax>139</ymax>
		</bndbox>
	</object>
	<object>
		<name>dog</name>
		<pose>Left</pose>
		<truncated>0</truncated>
		<difficult>0</difficult>
		<bndbox>
			<xmin>295</xmin>
			<ymin>178</ymin>
			<xmax>382</xmax>
			<ymax>243</ymax>
		</bndbox>
	</object>
</annotation>
