<annotation>
	<folder>VOC2007</folder>
	<filename>000609.jpg</filename>
	<source>
		<database>The VOC2007 Database</database>
		<annotation>PASCAL VOC2007</annotation>
		<image>flickr</image>
		<flickrid>334197054</flickrid>
	</source>
	<owner>
		<flickrid>paola__</flickrid>
		<name>?</name>
	</owner>
	<size>
		<width>500</width>
		<height>375</height>
		<depth>3</depth>
	</size>
	<segmented>0</segmented>
	<object>
		<name>dog</name>
		<pose>Unspecified</pose>
		<truncated>0</truncated>
		<difficult>0</difficult>
		<bndbox>
			<xmin>16</xmin>
			<ymin>134</ymin>
			<xmax>460</xmax>
			<ymax>275</ymax>
		</bndbox>
	</object>
</annotation>
