<annotation>
	<folder>VOC2007</folder>
	<filename>000680.jpg</filename>
	<source>
		<database>The VOC2007 Database</database>
		<annotation>PASCAL VOC2007</annotation>
		<image>flickr</image>
		<flickrid>29419341</flickrid>
	</source>
	<owner>
		<flickrid>Fantasy_49</flickrid>
		<name>Blanchie</name>
	</owner>
	<size>
		<width>500</width>
		<height>375</height>
		<depth>3</depth>
	</size>
	<segmented>0</segmented>
	<object>
		<name>bird</name>
		<pose>Unspecified</pose>
		<truncated>0</truncated>
		<difficult>0</difficult>
		<bndbox>
			<xmin>213</xmin>
			<ymin>144</ymin>
			<xmax>319</xmax>
			<ymax>241</ymax>
		</bndbox>
	</object>
</annotation>
