<annotation>
	<folder>VOC2007</folder>
	<filename>000622.jpg</filename>
	<source>
		<database>The VOC2007 Database</database>
		<annotation>PASCAL VOC2007</annotation>
		<image>flickr</image>
		<flickrid>340847506</flickrid>
	</source>
	<owner>
		<flickrid>J e f f i e</flickrid>
		<name>Jeff Bloemink</name>
	</owner>
	<size>
		<width>500</width>
		<height>375</height>
		<depth>3</depth>
	</size>
	<segmented>0</segmented>
	<object>
		<name>cow</name>
		<pose>Frontal</pose>
		<truncated>0</truncated>
		<difficult>0</difficult>
		<bndbox>
			<xmin>156</xmin>
			<ymin>87</ymin>
			<xmax>401</xmax>
			<ymax>339</ymax>
		</bndbox>
	</object>
</annotation>
