<annotation>
	<folder>VOC2007</folder>
	<filename>000656.jpg</filename>
	<source>
		<database>The VOC2007 Database</database>
		<annotation>PASCAL VOC2007</annotation>
		<image>flickr</image>
		<flickrid>338143048</flickrid>
	</source>
	<owner>
		<flickrid>brandonjs</flickrid>
		<name>Brandon Seils</name>
	</owner>
	<size>
		<width>500</width>
		<height>333</height>
		<depth>3</depth>
	</size>
	<segmented>0</segmented>
	<object>
		<name>dog</name>
		<pose>Left</pose>
		<truncated>0</truncated>
		<difficult>0</difficult>
		<bndbox>
			<xmin>230</xmin>
			<ymin>61</ymin>
			<xmax>447</xmax>
			<ymax>174</ymax>
		</bndbox>
	</object>
</annotation>
