<annotation>
	<folder>VOC2007</folder>
	<filename>000682.jpg</filename>
	<source>
		<database>The VOC2007 Database</database>
		<annotation>PASCAL VOC2007</annotation>
		<image>flickr</image>
		<flickrid>76219315</flickrid>
	</source>
	<owner>
		<flickrid>chengzhi</flickrid>
		<name>?</name>
	</owner>
	<size>
		<width>500</width>
		<height>375</height>
		<depth>3</depth>
	</size>
	<segmented>0</segmented>
	<object>
		<name>bird</name>
		<pose>Left</pose>
		<truncated>0</truncated>
		<difficult>0</difficult>
		<bndbox>
			<xmin>275</xmin>
			<ymin>154</ymin>
			<xmax>461</xmax>
			<ymax>275</ymax>
		</bndbox>
	</object>
</annotation>
