<annotation>
	<folder>VOC2007</folder>
	<filename>000633.jpg</filename>
	<source>
		<database>The VOC2007 Database</database>
		<annotation>PASCAL VOC2007</annotation>
		<image>flickr</image>
		<flickrid>266091277</flickrid>
	</source>
	<owner>
		<flickrid>vintage.agnes</flickrid>
		<name>Jess Unavailable</name>
	</owner>
	<size>
		<width>500</width>
		<height>375</height>
		<depth>3</depth>
	</size>
	<segmented>0</segmented>
	<object>
		<name>tvmonitor</name>
		<pose>Frontal</pose>
		<truncated>0</truncated>
		<difficult>0</difficult>
		<bndbox>
			<xmin>300</xmin>
			<ymin>122</ymin>
			<xmax>433</xmax>
			<ymax>240</ymax>
		</bndbox>
	</object>
	<object>
		<name>person</name>
		<pose>Unspecified</pose>
		<truncated>1</truncated>
		<difficult>0</difficult>
		<bndbox>
			<xmin>2</xmin>
			<ymin>22</ymin>
			<xmax>339</xmax>
			<ymax>375</ymax>
		</bndbox>
		<part>
			<name>head</name>
			<bndbox>
				<xmin>9</xmin>
				<ymin>20</ymin>
				<xmax>126</xmax>
				<ymax>172</ymax>
			</bndbox>
		</part>
		<part>
			<name>hand</name>
			<bndbox>
				<xmin>120</xmin>
				<ymin>203</ymin>
				<xmax>185</xmax>
				<ymax>270</ymax>
			</bndbox>
		</part>
		<part>
			<name>hand</name>
			<bndbox>
				<xmin>172</xmin>
				<ymin>240</ymin>
				<xmax>227</xmax>
				<ymax>293</ymax>
			</bndbox>
		</part>
	</object>
</annotation>
