<annotation>
	<folder>VOC2007</folder>
	<filename>000619.jpg</filename>
	<source>
		<database>The VOC2007 Database</database>
		<annotation>PASCAL VOC2007</annotation>
		<image>flickr</image>
		<flickrid>338722768</flickrid>
	</source>
	<owner>
		<flickrid>Rover75</flickrid>
		<name>Andy Leonard</name>
	</owner>
	<size>
		<width>500</width>
		<height>333</height>
		<depth>3</depth>
	</size>
	<segmented>0</segmented>
	<object>
		<name>bird</name>
		<pose>Right</pose>
		<truncated>0</truncated>
		<difficult>0</difficult>
		<bndbox>
			<xmin>143</xmin>
			<ymin>12</ymin>
			<xmax>459</xmax>
			<ymax>322</ymax>
		</bndbox>
	</object>
</annotation>
