<annotation>
	<folder>VOC2007</folder>
	<filename>000697.jpg</filename>
	<source>
		<database>The VOC2007 Database</database>
		<annotation>PASCAL VOC2007</annotation>
		<image>flickr</image>
		<flickrid>296766885</flickrid>
	</source>
	<owner>
		<flickrid>mrazekan</flickrid>
		<name>Hugo Ortiz</name>
	</owner>
	<size>
		<width>375</width>
		<height>500</height>
		<depth>3</depth>
	</size>
	<segmented>0</segmented>
	<object>
		<name>bicycle</name>
		<pose>Frontal</pose>
		<truncated>0</truncated>
		<difficult>0</difficult>
		<bndbox>
			<xmin>133</xmin>
			<ymin>206</ymin>
			<xmax>230</xmax>
			<ymax>355</ymax>
		</bndbox>
	</object>
	<object>
		<name>person</name>
		<pose>Frontal</pose>
		<truncated>0</truncated>
		<difficult>0</difficult>
		<bndbox>
			<xmin>135</xmin>
			<ymin>140</ymin>
			<xmax>229</xmax>
			<ymax>307</ymax>
		</bndbox>
	</object>
</annotation>
