<annotation>
	<folder>VOC2007</folder>
	<filename>000780.jpg</filename>
	<source>
		<database>The VOC2007 Database</database>
		<annotation>PASCAL VOC2007</annotation>
		<image>flickr</image>
		<flickrid>339697998</flickrid>
	</source>
	<owner>
		<flickrid>Orlando's World of Photos</flickrid>
		<name>Orlando</name>
	</owner>
	<size>
		<width>500</width>
		<height>375</height>
		<depth>3</depth>
	</size>
	<segmented>0</segmented>
	<object>
		<name>chair</name>
		<pose>Unspecified</pose>
		<truncated>1</truncated>
		<difficult>1</difficult>
		<bndbox>
			<xmin>381</xmin>
			<ymin>255</ymin>
			<xmax>460</xmax>
			<ymax>375</ymax>
		</bndbox>
	</object>
	<object>
		<name>chair</name>
		<pose>Unspecified</pose>
		<truncated>1</truncated>
		<difficult>1</difficult>
		<bndbox>
			<xmin>324</xmin>
			<ymin>186</ymin>
			<xmax>391</xmax>
			<ymax>246</ymax>
		</bndbox>
	</object>
	<object>
		<name>chair</name>
		<pose>Unspecified</pose>
		<truncated>1</truncated>
		<difficult>1</difficult>
		<bndbox>
			<xmin>435</xmin>
			<ymin>203</ymin>
			<xmax>482</xmax>
			<ymax>276</ymax>
		</bndbox>
	</object>
	<object>
		<name>chair</name>
		<pose>Unspecified</pose>
		<truncated>1</truncated>
		<difficult>1</difficult>
		<bndbox>
			<xmin>191</xmin>
			<ymin>179</ymin>
			<xmax>271</xmax>
			<ymax>234</ymax>
		</bndbox>
	</object>
	<object>
		<name>chair</name>
		<pose>Unspecified</pose>
		<truncated>1</truncated>
		<difficult>1</difficult>
		<bndbox>
			<xmin>55</xmin>
			<ymin>191</ymin>
			<xmax>143</xmax>
			<ymax>241</ymax>
		</bndbox>
	</object>
	<object>
		<name>chair</name>
		<pose>Unspecified</pose>
		<truncated>1</truncated>
		<difficult>1</difficult>
		<bndbox>
			<xmin>42</xmin>
			<ymin>265</ymin>
			<xmax>201</xmax>
			<ymax>375</ymax>
		</bndbox>
	</object>
	<object>
		<name>pottedplant</name>
		<pose>Unspecified</pose>
		<truncated>0</truncated>
		<difficult>0</difficult>
		<bndbox>
			<xmin>188</xmin>
			<ymin>213</ymin>
			<xmax>283</xmax>
			<ymax>286</ymax>
		</bndbox>
	</object>
</annotation>
