<annotation>
	<folder>VOC2007</folder>
	<filename>000756.jpg</filename>
	<source>
		<database>The VOC2007 Database</database>
		<annotation>PASCAL VOC2007</annotation>
		<image>flickr</image>
		<flickrid>330103336</flickrid>
	</source>
	<owner>
		<flickrid>MustLovePandas</flickrid>
		<name>Linda</name>
	</owner>
	<size>
		<width>365</width>
		<height>500</height>
		<depth>3</depth>
	</size>
	<segmented>0</segmented>
	<object>
		<name>dog</name>
		<pose>Frontal</pose>
		<truncated>0</truncated>
		<difficult>0</difficult>
		<bndbox>
			<xmin>67</xmin>
			<ymin>8</ymin>
			<xmax>365</xmax>
			<ymax>500</ymax>
		</bndbox>
	</object>
</annotation>
