<annotation>
	<folder>VOC2007</folder>
	<filename>000742.jpg</filename>
	<source>
		<database>The VOC2007 Database</database>
		<annotation>PASCAL VOC2007</annotation>
		<image>flickr</image>
		<flickrid>338285088</flickrid>
	</source>
	<owner>
		<flickrid>Alex Erber</flickrid>
		<name>Alex Erber</name>
	</owner>
	<size>
		<width>500</width>
		<height>338</height>
		<depth>3</depth>
	</size>
	<segmented>0</segmented>
	<object>
		<name>boat</name>
		<pose>Unspecified</pose>
		<truncated>0</truncated>
		<difficult>0</difficult>
		<bndbox>
			<xmin>391</xmin>
			<ymin>129</ymin>
			<xmax>412</xmax>
			<ymax>168</ymax>
		</bndbox>
	</object>
	<object>
		<name>boat</name>
		<pose>Unspecified</pose>
		<truncated>0</truncated>
		<difficult>1</difficult>
		<bndbox>
			<xmin>341</xmin>
			<ymin>135</ymin>
			<xmax>352</xmax>
			<ymax>168</ymax>
		</bndbox>
	</object>
	<object>
		<name>boat</name>
		<pose>Left</pose>
		<truncated>1</truncated>
		<difficult>0</difficult>
		<bndbox>
			<xmin>1</xmin>
			<ymin>145</ymin>
			<xmax>311</xmax>
			<ymax>335</ymax>
		</bndbox>
	</object>
	<object>
		<name>person</name>
		<pose>Unspecified</pose>
		<truncated>0</truncated>
		<difficult>0</difficult>
		<bndbox>
			<xmin>212</xmin>
			<ymin>99</ymin>
			<xmax>296</xmax>
			<ymax>253</ymax>
		</bndbox>
	</object>
</annotation>
