<annotation>
	<folder>VOC2007</folder>
	<filename>000720.jpg</filename>
	<source>
		<database>The VOC2007 Database</database>
		<annotation>PASCAL VOC2007</annotation>
		<image>flickr</image>
		<flickrid>331687207</flickrid>
	</source>
	<owner>
		<flickrid>ZMB</flickrid>
		<name>Zoe Bowyer</name>
	</owner>
	<size>
		<width>500</width>
		<height>333</height>
		<depth>3</depth>
	</size>
	<segmented>1</segmented>
	<object>
		<name>dog</name>
		<pose>Frontal</pose>
		<truncated>0</truncated>
		<difficult>0</difficult>
		<bndbox>
			<xmin>217</xmin>
			<ymin>118</ymin>
			<xmax>305</xmax>
			<ymax>263</ymax>
		</bndbox>
	</object>
</annotation>
