<annotation>
	<folder>VOC2007</folder>
	<filename>000709.jpg</filename>
	<source>
		<database>The VOC2007 Database</database>
		<annotation>PASCAL VOC2007</annotation>
		<image>flickr</image>
		<flickrid>304579171</flickrid>
	</source>
	<owner>
		<flickrid>Golden King</flickrid>
		<name>Golden King</name>
	</owner>
	<size>
		<width>500</width>
		<height>377</height>
		<depth>3</depth>
	</size>
	<segmented>0</segmented>
	<object>
		<name>person</name>
		<pose>Right</pose>
		<truncated>0</truncated>
		<difficult>0</difficult>
		<bndbox>
			<xmin>120</xmin>
			<ymin>63</ymin>
			<xmax>334</xmax>
			<ymax>355</ymax>
		</bndbox>
	</object>
	<object>
		<name>person</name>
		<pose>Right</pose>
		<truncated>1</truncated>
		<difficult>0</difficult>
		<bndbox>
			<xmin>119</xmin>
			<ymin>57</ymin>
			<xmax>394</xmax>
			<ymax>352</ymax>
		</bndbox>
	</object>
	<object>
		<name>sofa</name>
		<pose>Unspecified</pose>
		<truncated>1</truncated>
		<difficult>1</difficult>
		<bndbox>
			<xmin>29</xmin>
			<ymin>124</ymin>
			<xmax>390</xmax>
			<ymax>351</ymax>
		</bndbox>
	</object>
	<object>
		<name>chair</name>
		<pose>Rear</pose>
		<truncated>1</truncated>
		<difficult>0</difficult>
		<bndbox>
			<xmin>377</xmin>
			<ymin>122</ymin>
			<xmax>473</xmax>
			<ymax>309</ymax>
		</bndbox>
	</object>
</annotation>
