<annotation>
	<folder>VOC2007</folder>
	<filename>000796.jpg</filename>
	<source>
		<database>The VOC2007 Database</database>
		<annotation>PASCAL VOC2007</annotation>
		<image>flickr</image>
		<flickrid>80086887</flickrid>
	</source>
	<owner>
		<flickrid>evilsciencechick</flickrid>
		<name>?</name>
	</owner>
	<size>
		<width>500</width>
		<height>375</height>
		<depth>3</depth>
	</size>
	<segmented>0</segmented>
	<object>
		<name>bird</name>
		<pose>Unspecified</pose>
		<truncated>1</truncated>
		<difficult>0</difficult>
		<bndbox>
			<xmin>165</xmin>
			<ymin>118</ymin>
			<xmax>418</xmax>
			<ymax>316</ymax>
		</bndbox>
	</object>
</annotation>
