<annotation>
	<folder>VOC2007</folder>
	<filename>000752.jpg</filename>
	<source>
		<database>The VOC2007 Database</database>
		<annotation>PASCAL VOC2007</annotation>
		<image>flickr</image>
		<flickrid>312059043</flickrid>
	</source>
	<owner>
		<flickrid>singlepixel</flickrid>
		<name>Patrick Kalyanapu</name>
	</owner>
	<size>
		<width>500</width>
		<height>332</height>
		<depth>3</depth>
	</size>
	<segmented>0</segmented>
	<object>
		<name>sofa</name>
		<pose>Unspecified</pose>
		<truncated>1</truncated>
		<difficult>1</difficult>
		<bndbox>
			<xmin>1</xmin>
			<ymin>122</ymin>
			<xmax>500</xmax>
			<ymax>332</ymax>
		</bndbox>
	</object>
	<object>
		<name>person</name>
		<pose>Unspecified</pose>
		<truncated>1</truncated>
		<difficult>0</difficult>
		<bndbox>
			<xmin>225</xmin>
			<ymin>118</ymin>
			<xmax>500</xmax>
			<ymax>319</ymax>
		</bndbox>
		<part>
			<name>head</name>
			<bndbox>
				<xmin>271</xmin>
				<ymin>194</ymin>
				<xmax>343</xmax>
				<ymax>253</ymax>
			</bndbox>
		</part>
		<part>
			<name>hand</name>
			<bndbox>
				<xmin>353</xmin>
				<ymin>199</ymin>
				<xmax>392</xmax>
				<ymax>238</ymax>
			</bndbox>
		</part>
	</object>
	<object>
		<name>person</name>
		<pose>Unspecified</pose>
		<truncated>1</truncated>
		<difficult>0</difficult>
		<bndbox>
			<xmin>1</xmin>
			<ymin>119</ymin>
			<xmax>125</xmax>
			<ymax>332</ymax>
		</bndbox>
		<part>
			<name>head</name>
			<bndbox>
				<xmin>2</xmin>
				<ymin>122</ymin>
				<xmax>57</xmax>
				<ymax>223</ymax>
			</bndbox>
		</part>
		<part>
			<name>hand</name>
			<bndbox>
				<xmin>94</xmin>
				<ymin>272</ymin>
				<xmax>123</xmax>
				<ymax>324</ymax>
			</bndbox>
		</part>
	</object>
</annotation>
