<annotation>
	<folder>VOC2007</folder>
	<filename>000746.jpg</filename>
	<source>
		<database>The VOC2007 Database</database>
		<annotation>PASCAL VOC2007</annotation>
		<image>flickr</image>
		<flickrid>338302289</flickrid>
	</source>
	<owner>
		<flickrid>mimobase</flickrid>
		<name>Mark Payne</name>
	</owner>
	<size>
		<width>500</width>
		<height>333</height>
		<depth>3</depth>
	</size>
	<segmented>0</segmented>
	<object>
		<name>dog</name>
		<pose>Unspecified</pose>
		<truncated>1</truncated>
		<difficult>0</difficult>
		<bndbox>
			<xmin>95</xmin>
			<ymin>57</ymin>
			<xmax>433</xmax>
			<ymax>333</ymax>
		</bndbox>
	</object>
</annotation>
