<annotation>
	<folder>VOC2007</folder>
	<filename>000734.jpg</filename>
	<source>
		<database>The VOC2007 Database</database>
		<annotation>PASCAL VOC2007</annotation>
		<image>flickr</image>
		<flickrid>282485835</flickrid>
	</source>
	<owner>
		<flickrid>vulcandata</flickrid>
		<name>?</name>
	</owner>
	<size>
		<width>500</width>
		<height>333</height>
		<depth>3</depth>
	</size>
	<segmented>0</segmented>
	<object>
		<name>person</name>
		<pose>Unspecified</pose>
		<truncated>0</truncated>
		<difficult>0</difficult>
		<bndbox>
			<xmin>275</xmin>
			<ymin>89</ymin>
			<xmax>341</xmax>
			<ymax>256</ymax>
		</bndbox>
	</object>
	<object>
		<name>dog</name>
		<pose>Unspecified</pose>
		<truncated>0</truncated>
		<difficult>0</difficult>
		<bndbox>
			<xmin>382</xmin>
			<ymin>178</ymin>
			<xmax>460</xmax>
			<ymax>283</ymax>
		</bndbox>
	</object>
</annotation>
