<annotation>
	<folder>VOC2007</folder>
	<filename>000849.jpg</filename>
	<source>
		<database>The VOC2007 Database</database>
		<annotation>PASCAL VOC2007</annotation>
		<image>flickr</image>
		<flickrid>252807659</flickrid>
	</source>
	<owner>
		<flickrid>tortadetortuga</flickrid>
		<name>WENDY BLACK</name>
	</owner>
	<size>
		<width>200</width>
		<height>368</height>
		<depth>3</depth>
	</size>
	<segmented>0</segmented>
	<object>
		<name>dog</name>
		<pose>Frontal</pose>
		<truncated>0</truncated>
		<difficult>0</difficult>
		<bndbox>
			<xmin>23</xmin>
			<ymin>56</ymin>
			<xmax>159</xmax>
			<ymax>328</ymax>
		</bndbox>
	</object>
</annotation>
