<annotation>
	<folder>VOC2007</folder>
	<filename>000889.jpg</filename>
	<source>
		<database>The VOC2007 Database</database>
		<annotation>PASCAL VOC2007</annotation>
		<image>flickr</image>
		<flickrid>322108891</flickrid>
	</source>
	<owner>
		<flickrid>Ron42</flickrid>
		<name>Ron</name>
	</owner>
	<size>
		<width>374</width>
		<height>500</height>
		<depth>3</depth>
	</size>
	<segmented>0</segmented>
	<object>
		<name>pottedplant</name>
		<pose>Unspecified</pose>
		<truncated>0</truncated>
		<difficult>0</difficult>
		<bndbox>
			<xmin>37</xmin>
			<ymin>287</ymin>
			<xmax>186</xmax>
			<ymax>486</ymax>
		</bndbox>
	</object>
	<object>
		<name>pottedplant</name>
		<pose>Unspecified</pose>
		<truncated>0</truncated>
		<difficult>0</difficult>
		<bndbox>
			<xmin>181</xmin>
			<ymin>362</ymin>
			<xmax>302</xmax>
			<ymax>458</ymax>
		</bndbox>
	</object>
	<object>
		<name>pottedplant</name>
		<pose>Unspecified</pose>
		<truncated>0</truncated>
		<difficult>0</difficult>
		<bndbox>
			<xmin>188</xmin>
			<ymin>2</ymin>
			<xmax>327</xmax>
			<ymax>394</ymax>
		</bndbox>
	</object>
</annotation>
