<annotation>
	<folder>VOC2007</folder>
	<filename>000862.jpg</filename>
	<source>
		<database>The VOC2007 Database</database>
		<annotation>PASCAL VOC2007</annotation>
		<image>flickr</image>
		<flickrid>321041393</flickrid>
	</source>
	<owner>
		<flickrid>Cyrus Dastur</flickrid>
		<name>Cyrus Dastur</name>
	</owner>
	<size>
		<width>500</width>
		<height>375</height>
		<depth>3</depth>
	</size>
	<segmented>1</segmented>
	<object>
		<name>person</name>
		<pose>Unspecified</pose>
		<truncated>1</truncated>
		<difficult>1</difficult>
		<bndbox>
			<xmin>305</xmin>
			<ymin>131</ymin>
			<xmax>318</xmax>
			<ymax>151</ymax>
		</bndbox>
	</object>
	<object>
		<name>boat</name>
		<pose>Right</pose>
		<truncated>0</truncated>
		<difficult>0</difficult>
		<bndbox>
			<xmin>304</xmin>
			<ymin>142</ymin>
			<xmax>354</xmax>
			<ymax>160</ymax>
		</bndbox>
	</object>
</annotation>
