<annotation>
	<folder>VOC2007</folder>
	<filename>000802.jpg</filename>
	<source>
		<database>The VOC2007 Database</database>
		<annotation>PASCAL VOC2007</annotation>
		<image>flickr</image>
		<flickrid>338046740</flickrid>
	</source>
	<owner>
		<flickrid>Gare and Kitty</flickrid>
		<name>Garrett and Kitty Wilkin and Fromtling</name>
	</owner>
	<size>
		<width>500</width>
		<height>375</height>
		<depth>3</depth>
	</size>
	<segmented>0</segmented>
	<object>
		<name>person</name>
		<pose>Unspecified</pose>
		<truncated>1</truncated>
		<difficult>0</difficult>
		<bndbox>
			<xmin>1</xmin>
			<ymin>145</ymin>
			<xmax>58</xmax>
			<ymax>266</ymax>
		</bndbox>
	</object>
	<object>
		<name>bicycle</name>
		<pose>Right</pose>
		<truncated>0</truncated>
		<difficult>0</difficult>
		<bndbox>
			<xmin>2</xmin>
			<ymin>192</ymin>
			<xmax>93</xmax>
			<ymax>291</ymax>
		</bndbox>
	</object>
</annotation>
