<annotation>
	<folder>VOC2007</folder>
	<filename>000816.jpg</filename>
	<source>
		<database>The VOC2007 Database</database>
		<annotation>PASCAL VOC2007</annotation>
		<image>flickr</image>
		<flickrid>336696560</flickrid>
	</source>
	<owner>
		<flickrid>The Scoop</flickrid>
		<name>Steve Crowe</name>
	</owner>
	<size>
		<width>500</width>
		<height>500</height>
		<depth>3</depth>
	</size>
	<segmented>0</segmented>
	<object>
		<name>bicycle</name>
		<pose>Right</pose>
		<truncated>0</truncated>
		<difficult>0</difficult>
		<bndbox>
			<xmin>122</xmin>
			<ymin>225</ymin>
			<xmax>407</xmax>
			<ymax>467</ymax>
		</bndbox>
	</object>
	<object>
		<name>person</name>
		<pose>Unspecified</pose>
		<truncated>0</truncated>
		<difficult>0</difficult>
		<bndbox>
			<xmin>153</xmin>
			<ymin>122</ymin>
			<xmax>309</xmax>
			<ymax>474</ymax>
		</bndbox>
	</object>
</annotation>
