<annotation>
	<folder>VOC2007</folder>
	<filename>000814.jpg</filename>
	<source>
		<database>The VOC2007 Database</database>
		<annotation>PASCAL VOC2007</annotation>
		<image>flickr</image>
		<flickrid>260397142</flickrid>
	</source>
	<owner>
		<flickrid>gmg_660</flickrid>
		<name>?</name>
	</owner>
	<size>
		<width>348</width>
		<height>500</height>
		<depth>3</depth>
	</size>
	<segmented>0</segmented>
	<object>
		<name>person</name>
		<pose>Left</pose>
		<truncated>0</truncated>
		<difficult>0</difficult>
		<bndbox>
			<xmin>59</xmin>
			<ymin>63</ymin>
			<xmax>268</xmax>
			<ymax>500</ymax>
		</bndbox>
	</object>
	<object>
		<name>person</name>
		<pose>Unspecified</pose>
		<truncated>1</truncated>
		<difficult>1</difficult>
		<bndbox>
			<xmin>3</xmin>
			<ymin>305</ymin>
			<xmax>83</xmax>
			<ymax>500</ymax>
		</bndbox>
	</object>
</annotation>
