<annotation>
	<folder>VOC2007</folder>
	<filename>000989.jpg</filename>
	<source>
		<database>The VOC2007 Database</database>
		<annotation>PASCAL VOC2007</annotation>
		<image>flickr</image>
		<flickrid>338578583</flickrid>
	</source>
	<owner>
		<flickrid>adiffererntryan</flickrid>
		<name>Ryan Clark</name>
	</owner>
	<size>
		<width>500</width>
		<height>333</height>
		<depth>3</depth>
	</size>
	<segmented>0</segmented>
	<object>
		<name>tvmonitor</name>
		<pose>Unspecified</pose>
		<truncated>0</truncated>
		<difficult>0</difficult>
		<bndbox>
			<xmin>52</xmin>
			<ymin>117</ymin>
			<xmax>109</xmax>
			<ymax>177</ymax>
		</bndbox>
	</object>
</annotation>
