<annotation>
	<folder>VOC2007</folder>
	<filename>000948.jpg</filename>
	<source>
		<database>The VOC2007 Database</database>
		<annotation>PASCAL VOC2007</annotation>
		<image>flickr</image>
		<flickrid>19911175</flickrid>
	</source>
	<owner>
		<flickrid>jjhlwh</flickrid>
		<name>john healy</name>
	</owner>
	<size>
		<width>500</width>
		<height>375</height>
		<depth>3</depth>
	</size>
	<segmented>0</segmented>
	<object>
		<name>tvmonitor</name>
		<pose>Unspecified</pose>
		<truncated>1</truncated>
		<difficult>0</difficult>
		<bndbox>
			<xmin>413</xmin>
			<ymin>37</ymin>
			<xmax>500</xmax>
			<ymax>166</ymax>
		</bndbox>
	</object>
	<object>
		<name>chair</name>
		<pose>Right</pose>
		<truncated>0</truncated>
		<difficult>0</difficult>
		<bndbox>
			<xmin>22</xmin>
			<ymin>9</ymin>
			<xmax>284</xmax>
			<ymax>375</ymax>
		</bndbox>
	</object>
	<object>
		<name>person</name>
		<pose>Right</pose>
		<truncated>0</truncated>
		<difficult>0</difficult>
		<bndbox>
			<xmin>198</xmin>
			<ymin>89</ymin>
			<xmax>315</xmax>
			<ymax>353</ymax>
		</bndbox>
	</object>
</annotation>
