<annotation>
	<folder>VOC2007</folder>
	<filename>000958.jpg</filename>
	<source>
		<database>The VOC2007 Database</database>
		<annotation>PASCAL VOC2007</annotation>
		<image>flickr</image>
		<flickrid>330240376</flickrid>
	</source>
	<owner>
		<flickrid>petpainter77</flickrid>
		<name>Jennifer (Jen) Zalewski</name>
	</owner>
	<size>
		<width>400</width>
		<height>300</height>
		<depth>3</depth>
	</size>
	<segmented>0</segmented>
	<object>
		<name>dog</name>
		<pose>Unspecified</pose>
		<truncated>1</truncated>
		<difficult>0</difficult>
		<bndbox>
			<xmin>1</xmin>
			<ymin>90</ymin>
			<xmax>327</xmax>
			<ymax>299</ymax>
		</bndbox>
	</object>
</annotation>
