<annotation>
	<folder>VOC2007</folder>
	<filename>000964.jpg</filename>
	<source>
		<database>The VOC2007 Database</database>
		<annotation>PASCAL VOC2007</annotation>
		<image>flickr</image>
		<flickrid>80312373</flickrid>
	</source>
	<owner>
		<flickrid>idahotechnology</flickrid>
		<name>?</name>
	</owner>
	<size>
		<width>500</width>
		<height>333</height>
		<depth>3</depth>
	</size>
	<segmented>0</segmented>
	<object>
		<name>bird</name>
		<pose>Left</pose>
		<truncated>0</truncated>
		<difficult>0</difficult>
		<bndbox>
			<xmin>167</xmin>
			<ymin>86</ymin>
			<xmax>288</xmax>
			<ymax>304</ymax>
		</bndbox>
	</object>
	<object>
		<name>bird</name>
		<pose>Right</pose>
		<truncated>0</truncated>
		<difficult>0</difficult>
		<bndbox>
			<xmin>185</xmin>
			<ymin>70</ymin>
			<xmax>281</xmax>
			<ymax>227</ymax>
		</bndbox>
	</object>
</annotation>
