<annotation>
	<folder>VOC2007</folder>
	<filename>000975.jpg</filename>
	<source>
		<database>The VOC2007 Database</database>
		<annotation>PASCAL VOC2007</annotation>
		<image>flickr</image>
		<flickrid>286444303</flickrid>
	</source>
	<owner>
		<flickrid>amethystrainn</flickrid>
		<name>Nicole</name>
	</owner>
	<size>
		<width>500</width>
		<height>474</height>
		<depth>3</depth>
	</size>
	<segmented>0</segmented>
	<object>
		<name>dog</name>
		<pose>Unspecified</pose>
		<truncated>0</truncated>
		<difficult>0</difficult>
		<bndbox>
			<xmin>111</xmin>
			<ymin>61</ymin>
			<xmax>485</xmax>
			<ymax>462</ymax>
		</bndbox>
	</object>
	<object>
		<name>person</name>
		<pose>Unspecified</pose>
		<truncated>1</truncated>
		<difficult>1</difficult>
		<bndbox>
			<xmin>342</xmin>
			<ymin>1</ymin>
			<xmax>500</xmax>
			<ymax>217</ymax>
		</bndbox>
	</object>
</annotation>
