<annotation>
	<folder>VOC2007</folder>
	<filename>000965.jpg</filename>
	<source>
		<database>The VOC2007 Database</database>
		<annotation>PASCAL VOC2007</annotation>
		<image>flickr</image>
		<flickrid>338609568</flickrid>
	</source>
	<owner>
		<flickrid>running like an antelope</flickrid>
		<name>jim hutchison</name>
	</owner>
	<size>
		<width>375</width>
		<height>500</height>
		<depth>3</depth>
	</size>
	<segmented>0</segmented>
	<object>
		<name>dog</name>
		<pose>Unspecified</pose>
		<truncated>0</truncated>
		<difficult>0</difficult>
		<bndbox>
			<xmin>94</xmin>
			<ymin>285</ymin>
			<xmax>237</xmax>
			<ymax>461</ymax>
		</bndbox>
	</object>
	<object>
		<name>cat</name>
		<pose>Unspecified</pose>
		<truncated>0</truncated>
		<difficult>1</difficult>
		<bndbox>
			<xmin>187</xmin>
			<ymin>139</ymin>
			<xmax>270</xmax>
			<ymax>186</ymax>
		</bndbox>
	</object>
	<object>
		<name>sofa</name>
		<pose>Left</pose>
		<truncated>1</truncated>
		<difficult>0</difficult>
		<bndbox>
			<xmin>2</xmin>
			<ymin>86</ymin>
			<xmax>374</xmax>
			<ymax>500</ymax>
		</bndbox>
	</object>
</annotation>
